pair_id,config,branches,accuracy,macro_f1,brier,ece
synthetic_pair_0,E0,(none -- majority-class baseline),0.475,0.4584139264990329,0.525,0.5249999999999999
synthetic_pair_0,E1,general,0.625,0.6190476190476191,0.2465716683872044,0.14296826100237167
synthetic_pair_0,E2,cue,0.625,0.6190476190476191,0.22396465924963857,0.157091393649835
synthetic_pair_0,E3,context,0.6,0.595959595959596,0.25137325705428515,0.08597598016445038
synthetic_pair_0,E4,general+cue,0.675,0.6731615336266499,0.21096886717970378,0.11747390057724118
synthetic_pair_0,E5,general+context,0.725,0.7248280175109443,0.21414058432969005,0.15518526373863595
synthetic_pair_0,E6,cue+context,0.575,0.5523370638578011,0.23975808559740647,0.08447845676825583
synthetic_pair_0,E7,general+cue+context,0.725,0.7234443746071653,0.20400378783201512,0.15361621609185788
synthetic_pair_1,E0,(none -- majority-class baseline),0.525,0.3442622950819672,0.475,0.475
synthetic_pair_1,E1,general,0.625,0.6131528046421664,0.23927000166172138,0.12365654496052272
synthetic_pair_1,E2,cue,0.575,0.5682539682539682,0.22126667449177967,0.14428673799013633
synthetic_pair_1,E3,context,0.425,0.42174732872407295,0.2500001894976463,0.07500083298796326
synthetic_pair_1,E4,general+cue,0.8,0.797979797979798,0.1629510564029669,0.15427900977808373
synthetic_pair_1,E5,general+context,0.525,0.5247029393370857,0.24864457988701982,0.10021072745964822
synthetic_pair_1,E6,cue+context,0.55,0.53125,0.22150222020354288,0.12500959699664982
synthetic_pair_1,E7,general+cue+context,0.65,0.6464646464646464,0.20670672064886292,0.10744371012921676
synthetic_pair_2,E0,(none -- majority-class baseline),0.475,0.4584139264990329,0.525,0.5249999999999999
synthetic_pair_2,E1,general,0.525,0.5247029393370857,0.25017975123712766,0.216305677423079
synthetic_pair_2,E2,cue,0.675,0.6731615336266499,0.2062869250172339,0.19867667402544162
synthetic_pair_2,E3,context,0.55,0.53125,0.24988388637476433,0.04509540865040147
synthetic_pair_2,E4,general+cue,0.65,0.6464646464646464,0.19326332176995958,0.12213587564462726
synthetic_pair_2,E5,general+context,0.625,0.6190476190476191,0.2309845072627011,0.1237693098629431
synthetic_pair_2,E6,cue+context,0.7,0.7,0.20257442883953977,0.15295906088886124
synthetic_pair_2,E7,general+cue+context,0.775,0.7737272155876807,0.14009778928133848,0.19721884446030902
synthetic_pair_3,E0,(none -- majority-class baseline),0.525,0.3442622950819672,0.475,0.475
synthetic_pair_3,E1,general,0.725,0.7248280175109443,0.20577626986454395,0.13650467895185703
synthetic_pair_3,E2,cue,0.775,0.7748592870544091,0.16305252950056942,0.12781381166335704
synthetic_pair_3,E3,context,0.475,0.43204868154158216,0.2500000356186981,0.025000410032555986
synthetic_pair_3,E4,general+cue,0.775,0.7737272155876807,0.13718314963575393,0.1534054418434467
synthetic_pair_3,E5,general+context,0.7,0.7,0.2030925998885949,0.1433156236658746
synthetic_pair_3,E6,cue+context,0.775,0.7748592870544091,0.1594721284837996,0.0978145500298206
synthetic_pair_3,E7,general+cue+context,0.775,0.7737272155876807,0.1401974888186759,0.17946079488023936
synthetic_pair_4,E0,(none -- majority-class baseline),0.525,0.3442622950819672,0.475,0.475
synthetic_pair_4,E1,general,0.525,0.5099935525467441,0.25047383534854106,0.02556727313286169
synthetic_pair_4,E2,cue,0.725,0.7163120567375887,0.22218651446869622,0.20855975164051443
synthetic_pair_4,E3,context,0.7,0.6992481203007519,0.1665759304214565,0.14788018607152553
synthetic_pair_4,E4,general+cue,0.65,0.6464646464646464,0.23682952311554759,0.18709971908340037
synthetic_pair_4,E5,general+context,0.675,0.6731615336266499,0.21358951606713514,0.14311058954401285
synthetic_pair_4,E6,cue+context,0.8,0.7994987468671679,0.14541487936920738,0.13730760800851502
synthetic_pair_4,E7,general+cue+context,0.8,0.7994987468671679,0.15858529049542297,0.19507494215988375
synthetic_pair_5,E0,(none -- majority-class baseline),0.55,0.3548387096774194,0.45,0.45
synthetic_pair_5,E1,general,0.5,0.4949494949494949,0.2574872087037917,0.1436903791619327
synthetic_pair_5,E2,cue,0.525,0.5099935525467441,0.24701363793403636,0.07069687671068019
synthetic_pair_5,E3,context,0.625,0.6131528046421664,0.2501409826255561,0.14799600286076067
synthetic_pair_5,E4,general+cue,0.65,0.6419437340153453,0.21085323813305465,0.06580399831177472
synthetic_pair_5,E5,general+context,0.575,0.5725958516656191,0.2623232283977809,0.1803778170120551
synthetic_pair_5,E6,cue+context,0.55,0.55,0.2569400502150111,0.09918002817507085
synthetic_pair_5,E7,general+cue+context,0.625,0.6228786926461345,0.2103137826895476,0.095110451595691
synthetic_pair_6,E0,(none -- majority-class baseline),0.575,0.36507936507936506,0.425,0.425
synthetic_pair_6,E1,general,0.725,0.7163120567375887,0.21375667974981188,0.23467836385775936
synthetic_pair_6,E2,cue,0.7,0.6992481203007519,0.25299352117295476,0.21294703121619096
synthetic_pair_6,E3,context,0.825,0.819471308833011,0.13270059830084296,0.14900010614070416
synthetic_pair_6,E4,general+cue,0.625,0.6190476190476191,0.23855615782918088,0.12148458748479699
synthetic_pair_6,E5,general+context,0.875,0.871050934880722,0.09968529764441615,0.12237798757329715
synthetic_pair_6,E6,cue+context,0.85,0.8465473145780051,0.14216987548344912,0.1500562312336994
synthetic_pair_6,E7,general+cue+context,0.775,0.7714285714285715,0.1444640099746195,0.17578118864362346
synthetic_pair_7,E0,(none -- majority-class baseline),0.55,0.3548387096774194,0.45,0.45
synthetic_pair_7,E1,general,0.45,0.45,0.26315999423566605,0.10557048563654971
synthetic_pair_7,E2,cue,0.875,0.8749218261413383,0.11037820999036022,0.12220434250619784
synthetic_pair_7,E3,context,0.7,0.6930946291560103,0.24181124859314912,0.16578730950984996
synthetic_pair_7,E4,general+cue,0.9,0.899749373433584,0.12244782471501461,0.19173630246901024
synthetic_pair_7,E5,general+context,0.575,0.5747342088805503,0.24548448858363506,0.06449945883261549
synthetic_pair_7,E6,cue+context,0.85,0.849624060150376,0.12029287413690823,0.14824901627530362
synthetic_pair_7,E7,general+cue+context,0.85,0.8484848484848485,0.1363910429907565,0.16129696175820168
